"18510241","TOTAL","T","AT",2014,46005
"18510242","TOTAL","T","AT11",2014,2526
"18510243","TOTAL","T","AT111",2014,237
"18510244","TOTAL","T","AT112",2014,1650
"18510245","TOTAL","T","AT113",2014,643
"18510246","TOTAL","T","AT12",2014,9509
"18510247","TOTAL","T","AT121",2014,352
"18510248","TOTAL","T","AT122",2014,1175
"18510249","TOTAL","T","AT123",2014,695
"18510250","TOTAL","T","AT124",2014,546
"18510251","TOTAL","T","AT125",2014,604
"18510252","TOTAL","T","AT126",2014,3182
"18510253","TOTAL","T","AT127",2014,2961
"18510254","TOTAL","T","AT13",2014,17739
"18510255","TOTAL","T","AT130",2014,17739
"18510256","TOTAL","T","AT21",2014,1060
"18510257","TOTAL","T","AT211",2014,1535
"18510258","TOTAL","T","AT212",2014,-202
"18510259","TOTAL","T","AT213",2014,-278
"18510260","TOTAL","T","AT22",2014,5156
"18510261","TOTAL","T","AT221",2014,4348
"18510262","TOTAL","T","AT222",2014,-9
"18510263","TOTAL","T","AT223",2014,1
"18510264","TOTAL","T","AT224",2014,321
"18510265","TOTAL","T","AT225",2014,616
"18510266","TOTAL","T","AT226",2014,-126
"18510267","TOTAL","T","AT31",2014,4080
"18510268","TOTAL","T","AT311",2014,693
"18510269","TOTAL","T","AT312",2014,2630
"18510270","TOTAL","T","AT313",2014,52
"18510271","TOTAL","T","AT314",2014,167
"18510272","TOTAL","T","AT315",2014,535
"18510273","TOTAL","T","AT32",2014,1478
"18510274","TOTAL","T","AT321",2014,-26
"18510275","TOTAL","T","AT322",2014,109
"18510276","TOTAL","T","AT323",2014,1402
"18510277","TOTAL","T","AT33",2014,3374
"18510278","TOTAL","T","AT331",2014,30
"18510279","TOTAL","T","AT332",2014,2302
"18510280","TOTAL","T","AT333",2014,-120
"18510281","TOTAL","T","AT334",2014,98
"18510282","TOTAL","T","AT335",2014,1080
"18510283","TOTAL","T","AT34",2014,1066
"18510284","TOTAL","T","AT341",2014,-103
"18510285","TOTAL","T","AT342",2014,1181
"18510286","TOTAL","T","BE",2014,72388
"18510287","TOTAL","T","BE10",2014,12956
"18510288","TOTAL","T","BE100",2014,12956
"18510289","TOTAL","T","BE21",2014,11567
"18510290","TOTAL","T","BE211",2014,6473
"18510291","TOTAL","T","BE212",2014,2099
"18510292","TOTAL","T","BE213",2014,3003
"18510293","TOTAL","T","BE22",2014,4037
"18510294","TOTAL","T","BE221",2014,2256
"18510295","TOTAL","T","BE222",2014,981
"18510296","TOTAL","T","BE223",2014,796
"18510297","TOTAL","T","BE23",2014,8737
"18510298","TOTAL","T","BE231",2014,2143
"18510299","TOTAL","T","BE232",2014,1056
"18510300","TOTAL","T","BE233",2014,475
"18510301","TOTAL","T","BE234",2014,2951
"18510302","TOTAL","T","BE235",2014,771
"18510303","TOTAL","T","BE236",2014,1326
"18510304","TOTAL","T","BE24",2014,7167
"18510305","TOTAL","T","BE241",2014,4276
"18510306","TOTAL","T","BE242",2014,2888
"18510307","TOTAL","T","BE25",2014,5670
"18510308","TOTAL","T","BE251",2014,1254
"18510309","TOTAL","T","BE252",2014,303
"18510310","TOTAL","T","BE253",2014,210
"18510311","TOTAL","T","BE254",2014,1046
"18510312","TOTAL","T","BE255",2014,1262
"18510313","TOTAL","T","BE256",2014,689
"18510314","TOTAL","T","BE257",2014,330
"18510315","TOTAL","T","BE258",2014,595
"18510316","TOTAL","T","BE31",2014,2721
"18510317","TOTAL","T","BE310",2014,2721
"18510318","TOTAL","T","BE32",2014,6960
"18510319","TOTAL","T","BE321",2014,545
"18510320","TOTAL","T","BE322",2014,1463
"18510321","TOTAL","T","BE323",2014,1217
"18510322","TOTAL","T","BE324",2014,717
"18510323","TOTAL","T","BE325",2014,1097
"18510324","TOTAL","T","BE326",2014,849
"18510325","TOTAL","T","BE327",2014,1071
"18510326","TOTAL","T","BE33",2014,7286
"18510327","TOTAL","T","BE331",2014,977
"18510328","TOTAL","T","BE332",2014,4055
"18510329","TOTAL","T","BE334",2014,802
"18510330","TOTAL","T","BE335",2014,925
"18510331","TOTAL","T","BE336",2014,512
"18510332","TOTAL","T","BE34",2014,2141
"18510333","TOTAL","T","BE341",2014,595
"18510334","TOTAL","T","BE342",2014,345
"18510335","TOTAL","T","BE343",2014,341
"18510336","TOTAL","T","BE344",2014,543
"18510337","TOTAL","T","BE345",2014,313
"18510338","TOTAL","T","BE35",2014,3173
"18510339","TOTAL","T","BE351",2014,721
"18510340","TOTAL","T","BE352",2014,2036
"18510341","TOTAL","T","BE353",2014,412
"18510342","TOTAL","T","BG",2014,-3584
"18510343","TOTAL","T","BG31",2014,-5019
"18510344","TOTAL","T","BG311",2014,-650
"18510345","TOTAL","T","BG312",2014,-736
"18510346","TOTAL","T","BG313",2014,-1052
"18510347","TOTAL","T","BG314",2014,-1796
"18510348","TOTAL","T","BG315",2014,-767
"18510349","TOTAL","T","BG32",2014,-3032
"18510350","TOTAL","T","BG321",2014,-348
"18510351","TOTAL","T","BG322",2014,-419
"18510352","TOTAL","T","BG323",2014,-434
"18510353","TOTAL","T","BG324",2014,-1179
"18510354","TOTAL","T","BG325",2014,-660
"18510355","TOTAL","T","BG33",2014,-415
"18510356","TOTAL","T","BG331",2014,1452
"18510357","TOTAL","T","BG332",2014,-732
"18510358","TOTAL","T","BG333",2014,-626
"18510359","TOTAL","T","BG334",2014,-503
"18510360","TOTAL","T","BG34",2014,-1677
"18510361","TOTAL","T","BG341",2014,625
"18510362","TOTAL","T","BG342",2014,-1041
"18510363","TOTAL","T","BG343",2014,-754
"18510364","TOTAL","T","BG344",2014,-518
"18510365","TOTAL","T","BG41",2014,9016
"18510366","TOTAL","T","BG411",2014,9863
"18510367","TOTAL","T","BG412",2014,271
"18510368","TOTAL","T","BG413",2014,-594
"18510369","TOTAL","T","BG414",2014,53
"18510370","TOTAL","T","BG415",2014,-580
"18510371","TOTAL","T","BG42",2014,-2449
"18510372","TOTAL","T","BG421",2014,741
"18510373","TOTAL","T","BG422",2014,-610
"18510374","TOTAL","T","BG423",2014,-1255
"18510375","TOTAL","T","BG424",2014,-804
"18510376","TOTAL","T","BG425",2014,-516
"18510377","TOTAL","T","CH",2014,68099
"18510378","TOTAL","T","CH01",2014,16082
"18510379","TOTAL","T","CH011",2014,9395
"18510380","TOTAL","T","CH012",2014,3682
"18510381","TOTAL","T","CH013",2014,3010
"18510382","TOTAL","T","CH02",2014,12078
"18510383","TOTAL","T","CH021",2014,5248
"18510384","TOTAL","T","CH022",2014,4290
"18510385","TOTAL","T","CH023",2014,1423
"18510386","TOTAL","T","CH024",2014,801
"18510387","TOTAL","T","CH025",2014,307
"18510388","TOTAL","T","CH03",2014,8991
"18510389","TOTAL","T","CH031",2014,1490
"18510390","TOTAL","T","CH032",2014,1116
"18510391","TOTAL","T","CH033",2014,6373
"18510392","TOTAL","T","CH04",2014,13922
"18510393","TOTAL","T","CH040",2014,13922
"18510394","TOTAL","T","CH05",2014,7959
"18510395","TOTAL","T","CH051",2014,262
"18510396","TOTAL","T","CH052",2014,682
"18510397","TOTAL","T","CH053",2014,147
"18510398","TOTAL","T","CH054",2014,11
"18510399","TOTAL","T","CH055",2014,2891
"18510400","TOTAL","T","CH056",2014,1011
"18510401","TOTAL","T","CH057",2014,2937
"18510402","TOTAL","T","CH06",2014,5606
"18510403","TOTAL","T","CH061",2014,3156
"18510404","TOTAL","T","CH062",2014,104
"18510405","TOTAL","T","CH063",2014,1152
"18510406","TOTAL","T","CH064",2014,261
"18510407","TOTAL","T","CH065",2014,155
"18510408","TOTAL","T","CH066",2014,753
"18510409","TOTAL","T","CH07",2014,3473
"18510410","TOTAL","T","CH070",2014,3473
"18510411","TOTAL","T","CY",2014,-527
"18510412","TOTAL","T","CY00",2014,-527
"18510413","TOTAL","T","CY000",2014,-527
"18510414","TOTAL","T","CZ",2014,22846
"18510415","TOTAL","T","CZ01",2014,7333
"18510416","TOTAL","T","CZ010",2014,7333
"18510417","TOTAL","T","CZ02",2014,15019
"18510418","TOTAL","T","CZ020",2014,15019
"18510419","TOTAL","T","CZ03",2014,2590
"18510420","TOTAL","T","CZ031",2014,545
"18510421","TOTAL","T","CZ032",2014,2041
"18510422","TOTAL","T","CZ04",2014,-1217
"18510423","TOTAL","T","CZ041",2014,-861
"18510424","TOTAL","T","CZ042",2014,-356
"18510425","TOTAL","T","CZ05",2014,1017
"18510426","TOTAL","T","CZ051",2014,442
"18510427","TOTAL","T","CZ052",2014,-107
"18510428","TOTAL","T","CZ053",2014,673
"18510429","TOTAL","T","CZ06",2014,2336
"18510430","TOTAL","T","CZ063",2014,-522
"18510431","TOTAL","T","CZ064",2014,2854
"18510432","TOTAL","T","CZ07",2014,-1127
"18510433","TOTAL","T","CZ071",2014,-676
"18510434","TOTAL","T","CZ072",2014,-447
"18510435","TOTAL","T","CZ08",2014,-3102
"18510436","TOTAL","T","CZ080",2014,-3102
"18510437","TOTAL","T","DE",2014,263069
"18510438","TOTAL","T","DE11",2014,16234
"18510439","TOTAL","T","DE111",2014,5526
"18510440","TOTAL","T","DE112",2014,1287
"18510441","TOTAL","T","DE113",2014,2648
"18510442","TOTAL","T","DE114",2014,323
"18510443","TOTAL","T","DE115",2014,3088
"18510444","TOTAL","T","DE116",2014,1002
"18510445","TOTAL","T","DE117",2014,982
"18510446","TOTAL","T","DE118",2014,865
"18510447","TOTAL","T","DE119",2014,144
"18510448","TOTAL","T","DE11A",2014,334
"18510449","TOTAL","T","DE11B",2014,-93
"18510450","TOTAL","T","DE11C",2014,42
"18510451","TOTAL","T","DE11D",2014,141
"18510452","TOTAL","T","DE12",2014,12826
"18510453","TOTAL","T","DE121",2014,419
"18510454","TOTAL","T","DE122",2014,3220
"18510455","TOTAL","T","DE123",2014,1913
"18510456","TOTAL","T","DE124",2014,489
"18510457","TOTAL","T","DE125",2014,1747
"18510458","TOTAL","T","DE126",2014,2496
"18510459","TOTAL","T","DE127",2014,-332
"18510460","TOTAL","T","DE128",2014,1957
"18510461","TOTAL","T","DE129",2014,1161
"18510462","TOTAL","T","DE12A",2014,-193
"18510463","TOTAL","T","DE12B",2014,443
"18510464","TOTAL","T","DE12C",2014,-509
"18510465","TOTAL","T","DE13",2014,10074
"18510466","TOTAL","T","DE131",2014,3607
"18510467","TOTAL","T","DE132",2014,1173
"18510468","TOTAL","T","DE133",2014,615
"18510469","TOTAL","T","DE134",2014,1064
"18510470","TOTAL","T","DE135",2014,-408
"18510471","TOTAL","T","DE136",2014,526
"18510472","TOTAL","T","DE137",2014,146
"18510473","TOTAL","T","DE138",2014,2088
"18510474","TOTAL","T","DE139",2014,868
"18510475","TOTAL","T","DE13A",2014,410
"18510476","TOTAL","T","DE14",2014,4910
"18510477","TOTAL","T","DE141",2014,657
"18510478","TOTAL","T","DE142",2014,955
"18510479","TOTAL","T","DE143",2014,-274
"18510480","TOTAL","T","DE144",2014,419
"18510481","TOTAL","T","DE145",2014,372
"18510482","TOTAL","T","DE146",2014,55
"18510483","TOTAL","T","DE147",2014,1321
"18510484","TOTAL","T","DE148",2014,1550
"18510485","TOTAL","T","DE149",2014,-167
"18510486","TOTAL","T","DE21",2014,43497
"18510487","TOTAL","T","DE211",2014,1545
"18510488","TOTAL","T","DE212",2014,18285
"18510489","TOTAL","T","DE213",2014,230
"18510490","TOTAL","T","DE214",2014,415
"18510491","TOTAL","T","DE215",2014,861
"18510492","TOTAL","T","DE216",2014,816
"18510493","TOTAL","T","DE217",2014,1694
"18510494","TOTAL","T","DE218",2014,1639
"18510495","TOTAL","T","DE219",2014,533
"18510496","TOTAL","T","DE21A",2014,1123
"18510497","TOTAL","T","DE21B",2014,1399
"18510498","TOTAL","T","DE21C",2014,1943
"18510499","TOTAL","T","DE21D",2014,596
"18510500","TOTAL","T","DE21E",2014,567
"18510501","TOTAL","T","DE21F",2014,716
"18510502","TOTAL","T","DE21G",2014,712
"18510503","TOTAL","T","DE21H",2014,4400
"18510504","TOTAL","T","DE21I",2014,599
"18510505","TOTAL","T","DE21J",2014,994
"18510506","TOTAL","T","DE21K",2014,1704
"18510507","TOTAL","T","DE21L",2014,1378
"18510508","TOTAL","T","DE21M",2014,837
"18510509","TOTAL","T","DE21N",2014,468
"18510510","TOTAL","T","DE22",2014,6380
"18510511","TOTAL","T","DE221",2014,1090
"18510512","TOTAL","T","DE222",2014,338
"18510513","TOTAL","T","DE223",2014,574
"18510514","TOTAL","T","DE224",2014,370
"18510515","TOTAL","T","DE225",2014,43
"18510516","TOTAL","T","DE226",2014,693
"18510517","TOTAL","T","DE227",2014,825
"18510518","TOTAL","T","DE228",2014,713
"18510519","TOTAL","T","DE229",2014,-27
"18510520","TOTAL","T","DE22A",2014,646
"18510521","TOTAL","T","DE22B",2014,414
"18510522","TOTAL","T","DE22C",2014,669
"18510523","TOTAL","T","DE23",2014,3532
"18510524","TOTAL","T","DE231",2014,-39
"18510525","TOTAL","T","DE232",2014,1425
"18510526","TOTAL","T","DE233",2014,131
"18510527","TOTAL","T","DE234",2014,-53
"18510528","TOTAL","T","DE235",2014,201
"18510529","TOTAL","T","DE236",2014,392
"18510530","TOTAL","T","DE237",2014,-94
"18510531","TOTAL","T","DE238",2014,1143
"18510532","TOTAL","T","DE239",2014,551
"18510533","TOTAL","T","DE23A",2014,-161
"18510534","TOTAL","T","DE24",2014,621
"18510535","TOTAL","T","DE241",2014,266
"18510536","TOTAL","T","DE242",2014,574
"18510537","TOTAL","T","DE243",2014,98
"18510538","TOTAL","T","DE244",2014,53
"18510539","TOTAL","T","DE245",2014,203
"18510540","TOTAL","T","DE246",2014,21
"18510541","TOTAL","T","DE247",2014,-115
"18510542","TOTAL","T","DE248",2014,393
"18510543","TOTAL","T","DE249",2014,-267
"18510544","TOTAL","T","DE24A",2014,-220
"18510545","TOTAL","T","DE24B",2014,-139
"18510546","TOTAL","T","DE24C",2014,82
"18510547","TOTAL","T","DE24D",2014,-333
"18510548","TOTAL","T","DE25",2014,10824
"18510549","TOTAL","T","DE251",2014,189
"18510550","TOTAL","T","DE252",2014,813
"18510551","TOTAL","T","DE253",2014,1630
"18510552","TOTAL","T","DE254",2014,5095
"18510553","TOTAL","T","DE255",2014,414
"18510554","TOTAL","T","DE256",2014,128
"18510555","TOTAL","T","DE257",2014,515
"18510556","TOTAL","T","DE258",2014,876
"18510557","TOTAL","T","DE259",2014,718
"18510558","TOTAL","T","DE25A",2014,130
"18510559","TOTAL","T","DE25B",2014,136
"18510560","TOTAL","T","DE25C",2014,161
"18510561","TOTAL","T","DE26",2014,278
"18510562","TOTAL","T","DE261",2014,241
"18510563","TOTAL","T","DE262",2014,133
"18510564","TOTAL","T","DE263",2014,327
"18510565","TOTAL","T","DE264",2014,141
"18510566","TOTAL","T","DE265",2014,-108
"18510567","TOTAL","T","DE266",2014,-177
"18510568","TOTAL","T","DE267",2014,-63
"18510569","TOTAL","T","DE268",2014,261
"18510570","TOTAL","T","DE269",2014,-191
"18510571","TOTAL","T","DE26A",2014,-253
"18510572","TOTAL","T","DE26B",2014,1
"18510573","TOTAL","T","DE26C",2014,-77
"18510574","TOTAL","T","DE27",2014,8503
"18510575","TOTAL","T","DE271",2014,2828
"18510576","TOTAL","T","DE272",2014,136
"18510577","TOTAL","T","DE273",2014,364
"18510578","TOTAL","T","DE274",2014,237
"18510579","TOTAL","T","DE275",2014,413
"18510580","TOTAL","T","DE276",2014,1085
"18510581","TOTAL","T","DE277",2014,-99
"18510582","TOTAL","T","DE278",2014,-3
"18510583","TOTAL","T","DE279",2014,754
"18510584","TOTAL","T","DE27A",2014,353
"18510585","TOTAL","T","DE27B",2014,437
"18510586","TOTAL","T","DE27C",2014,715
"18510587","TOTAL","T","DE27D",2014,687
"18510588","TOTAL","T","DE27E",2014,541
"18510589","TOTAL","T","DE30",2014,37102
"18510590","TOTAL","T","DE300",2014,37102
"18510591","TOTAL","T","DE40",2014,2411
"18510592","TOTAL","T","DE401",2014,3
"18510593","TOTAL","T","DE402",2014,309
"18510594","TOTAL","T","DE403",2014,-193
"18510595","TOTAL","T","DE404",2014,1459
"18510596","TOTAL","T","DE405",2014,772
"18510597","TOTAL","T","DE406",2014,486
"18510598","TOTAL","T","DE407",2014,-828
"18510599","TOTAL","T","DE408",2014,705
"18510600","TOTAL","T","DE409",2014,80
"18510601","TOTAL","T","DE40A",2014,1120
"18510602","TOTAL","T","DE40B",2014,-883
"18510603","TOTAL","T","DE40C",2014,-254
"18510604","TOTAL","T","DE40D",2014,-254
"18510605","TOTAL","T","DE40E",2014,1233
"18510606","TOTAL","T","DE40F",2014,-403
"18510607","TOTAL","T","DE40G",2014,-839
"18510608","TOTAL","T","DE40H",2014,550
"18510609","TOTAL","T","DE40I",2014,-676
"18510610","TOTAL","T","DE50",2014,2748
"18510611","TOTAL","T","DE501",2014,2482
"18510612","TOTAL","T","DE502",2014,269
"18510613","TOTAL","T","DE60",2014,12039
"18510614","TOTAL","T","DE600",2014,12039
"18510615","TOTAL","T","DE71",2014,27120
"18510616","TOTAL","T","DE711",2014,3082
"18510617","TOTAL","T","DE712",2014,8827
"18510618","TOTAL","T","DE713",2014,1841
"18510619","TOTAL","T","DE714",2014,1879
"18510620","TOTAL","T","DE715",2014,899
"18510621","TOTAL","T","DE716",2014,922
"18510622","TOTAL","T","DE717",2014,1980
"18510623","TOTAL","T","DE718",2014,1220
"18510624","TOTAL","T","DE719",2014,1725
"18510625","TOTAL","T","DE71A",2014,1010
"18510626","TOTAL","T","DE71B",2014,179
"18510627","TOTAL","T","DE71C",2014,1914
"18510628","TOTAL","T","DE71D",2014,588
"18510629","TOTAL","T","DE71E",2014,1077
"18510630","TOTAL","T","DE72",2014,-50
"18510631","TOTAL","T","DE721",2014,817
"18510632","TOTAL","T","DE722",2014,-300
"18510633","TOTAL","T","DE723",2014,-77
"18510634","TOTAL","T","DE724",2014,-19
"18510635","TOTAL","T","DE725",2014,-481
"18510636","TOTAL","T","DE73",2014,900
"18510637","TOTAL","T","DE731",2014,1151
"18510638","TOTAL","T","DE732",2014,114
"18510639","TOTAL","T","DE733",2014,44
"18510640","TOTAL","T","DE734",2014,403
"18510641","TOTAL","T","DE735",2014,-247
"18510642","TOTAL","T","DE736",2014,-419
"18510643","TOTAL","T","DE737",2014,-116
"18510644","TOTAL","T","DE80",2014,-2115
"18510645","TOTAL","T","DE801",2014,470
"18510646","TOTAL","T","DE802",2014,-236
"18510647","TOTAL","T","DE803",2014,1527
"18510648","TOTAL","T","DE804",2014,349
"18510649","TOTAL","T","DE805",2014,287
"18510650","TOTAL","T","DE806",2014,101
"18510651","TOTAL","T","DE807",2014,111
"18510652","TOTAL","T","DE808",2014,-674
"18510653","TOTAL","T","DE809",2014,-568
"18510654","TOTAL","T","DE80A",2014,-444
"18510655","TOTAL","T","DE80B",2014,-544
"18510656","TOTAL","T","DE80C",2014,-195
"18510657","TOTAL","T","DE80D",2014,-515
"18510658","TOTAL","T","DE80E",2014,-313
"18510659","TOTAL","T","DE80F",2014,-247
"18510660","TOTAL","T","DE80G",2014,-594
"18510661","TOTAL","T","DE80H",2014,-203
"18510662","TOTAL","T","DE80I",2014,-442
"18510663","TOTAL","T","DE91",2014,2742
"18510664","TOTAL","T","DE911",2014,2082
"18510665","TOTAL","T","DE912",2014,-225
"18510666","TOTAL","T","DE913",2014,1167
"18510667","TOTAL","T","DE914",2014,-120
"18510668","TOTAL","T","DE915",2014,366
"18510669","TOTAL","T","DE916",2014,142
"18510670","TOTAL","T","DE917",2014,-80
"18510671","TOTAL","T","DE918",2014,-441
"18510672","TOTAL","T","DE919",2014,-291
"18510673","TOTAL","T","DE91A",2014,113
"18510674","TOTAL","T","DE91B",2014,51
"18510675","TOTAL","T","DE92",2014,5479
"18510676","TOTAL","T","DE922",2014,434
"18510677","TOTAL","T","DE923",2014,-307
"18510678","TOTAL","T","DE925",2014,-208
"18510679","TOTAL","T","DE926",2014,-218
"18510680","TOTAL","T","DE927",2014,-139
"18510681","TOTAL","T","DE928",2014,-86
"18510682","TOTAL","T","DE929",2014,5995
"18510683","TOTAL","T","DE93",2014,3602
"18510684","TOTAL","T","DE931",2014,-61
"18510685","TOTAL","T","DE932",2014,185
"18510686","TOTAL","T","DE933",2014,1470
"18510687","TOTAL","T","DE934",2014,145
"18510688","TOTAL","T","DE935",2014,1056
"18510689","TOTAL","T","DE936",2014,296
"18510690","TOTAL","T","DE937",2014,-273
"18510691","TOTAL","T","DE938",2014,-87
"18510692","TOTAL","T","DE939",2014,619
"18510693","TOTAL","T","DE93A",2014,73
"18510694","TOTAL","T","DE93B",2014,189
"18510695","TOTAL","T","DE94",2014,6443
"18510696","TOTAL","T","DE941",2014,265
"18510697","TOTAL","T","DE942",2014,31
"18510698","TOTAL","T","DE943",2014,717
"18510699","TOTAL","T","DE944",2014,1055
"18510700","TOTAL","T","DE945",2014,109
"18510701","TOTAL","T","DE946",2014,802
"18510702","TOTAL","T","DE947",2014,285
"18510703","TOTAL","T","DE948",2014,497
"18510704","TOTAL","T","DE949",2014,848
"18510705","TOTAL","T","DE94A",2014,-20
"18510706","TOTAL","T","DE94B",2014,155
"18510707","TOTAL","T","DE94C",2014,629
"18510708","TOTAL","T","DE94D",2014,441
"18510709","TOTAL","T","DE94E",2014,258
"18510710","TOTAL","T","DE94F",2014,549
"18510711","TOTAL","T","DE94G",2014,-172
"18510712","TOTAL","T","DE94H",2014,-49
"18510713","TOTAL","T","DEA1",2014,11940
"18510714","TOTAL","T","DEA11",2014,3420
"18510715","TOTAL","T","DEA12",2014,410
"18510716","TOTAL","T","DEA13",2014,1897
"18510717","TOTAL","T","DEA14",2014,399
"18510718","TOTAL","T","DEA15",2014,369
"18510719","TOTAL","T","DEA16",2014,450
"18510720","TOTAL","T","DEA17",2014,501
"18510721","TOTAL","T","DEA18",2014,-472
"18510722","TOTAL","T","DEA19",2014,501
"18510723","TOTAL","T","DEA1A",2014,899
"18510724","TOTAL","T","DEA1B",2014,1015
"18510725","TOTAL","T","DEA1C",2014,730
"18510726","TOTAL","T","DEA1D",2014,1474
"18510727","TOTAL","T","DEA1E",2014,271
"18510728","TOTAL","T","DEA1F",2014,99
"18510729","TOTAL","T","DEA2",2014,16780
"18510730","TOTAL","T","DEA22",2014,1966
"18510731","TOTAL","T","DEA23",2014,8065
"18510732","TOTAL","T","DEA24",2014,636
"18510733","TOTAL","T","DEA26",2014,329
"18510734","TOTAL","T","DEA27",2014,2198
"18510735","TOTAL","T","DEA28",2014,252
"18510736","TOTAL","T","DEA29",2014,268
"18510737","TOTAL","T","DEA2A",2014,-593
"18510738","TOTAL","T","DEA2B",2014,311
"18510739","TOTAL","T","DEA2C",2014,1558
"18510740","TOTAL","T","DEA2D",2014,1776
"18510741","TOTAL","T","DEA3",2014,5952
"18510742","TOTAL","T","DEA31",2014,-46
"18510743","TOTAL","T","DEA32",2014,308
"18510744","TOTAL","T","DEA33",2014,6890
"18510745","TOTAL","T","DEA34",2014,-472
"18510746","TOTAL","T","DEA35",2014,-203
"18510747","TOTAL","T","DEA36",2014,-44
"18510748","TOTAL","T","DEA37",2014,-140
"18510749","TOTAL","T","DEA38",2014,-297
"18510750","TOTAL","T","DEA4",2014,-700
"18510751","TOTAL","T","DEA41",2014,583
"18510752","TOTAL","T","DEA42",2014,765
"18510753","TOTAL","T","DEA43",2014,-351
"18510754","TOTAL","T","DEA44",2014,-693
"18510755","TOTAL","T","DEA45",2014,-795
"18510756","TOTAL","T","DEA46",2014,-585
"18510757","TOTAL","T","DEA47",2014,393
"18510758","TOTAL","T","DEA5",2014,-173
"18510759","TOTAL","T","DEA51",2014,728
"18510760","TOTAL","T","DEA52",2014,1999
"18510761","TOTAL","T","DEA53",2014,-283
"18510762","TOTAL","T","DEA54",2014,519
"18510763","TOTAL","T","DEA55",2014,336
"18510764","TOTAL","T","DEA56",2014,223
"18510765","TOTAL","T","DEA57",2014,-1020
"18510766","TOTAL","T","DEA58",2014,-1656
"18510767","TOTAL","T","DEA59",2014,-387
"18510768","TOTAL","T","DEA5A",2014,-114
"18510769","TOTAL","T","DEA5B",2014,142
"18510770","TOTAL","T","DEA5C",2014,-675
"18510771","TOTAL","T","DEB1",2014,-136
"18510772","TOTAL","T","DEB11",2014,1216
"18510773","TOTAL","T","DEB12",2014,359
"18510774","TOTAL","T","DEB13",2014,-402
"18510775","TOTAL","T","DEB14",2014,327
"18510776","TOTAL","T","DEB15",2014,-529
"18510777","TOTAL","T","DEB16",2014,-115
"18510778","TOTAL","T","DEB17",2014,96
"18510779","TOTAL","T","DEB18",2014,-23
"18510780","TOTAL","T","DEB19",2014,-404
"18510781","TOTAL","T","DEB1A",2014,-369
"18510782","TOTAL","T","DEB1B",2014,-308
"18510783","TOTAL","T","DEB2",2014,927
"18510784","TOTAL","T","DEB21",2014,365
"18510785","TOTAL","T","DEB22",2014,-467
"18510786","TOTAL","T","DEB23",2014,297
"18510787","TOTAL","T","DEB24",2014,-249
"18510788","TOTAL","T","DEB25",2014,990
"18510789","TOTAL","T","DEB3",2014,6646
"18510790","TOTAL","T","DEB31",2014,408
"18510791","TOTAL","T","DEB32",2014,598
"18510792","TOTAL","T","DEB33",2014,291
"18510793","TOTAL","T","DEB34",2014,1264
"18510794","TOTAL","T","DEB35",2014,1397
"18510795","TOTAL","T","DEB36",2014,194
"18510796","TOTAL","T","DEB37",2014,-69
"18510797","TOTAL","T","DEB38",2014,217
"18510798","TOTAL","T","DEB39",2014,279
"18510799","TOTAL","T","DEB3A",2014,38
"18510800","TOTAL","T","DEB3B",2014,128
"18510801","TOTAL","T","DEB3C",2014,389
"18510802","TOTAL","T","DEB3D",2014,-108
"18510803","TOTAL","T","DEB3E",2014,413
"18510804","TOTAL","T","DEB3F",2014,-349
"18510805","TOTAL","T","DEB3G",2014,-313
"18510806","TOTAL","T","DEB3H",2014,437
"18510807","TOTAL","T","DEB3I",2014,934
"18510808","TOTAL","T","DEB3J",2014,772
"18510809","TOTAL","T","DEB3K",2014,-343
"18510810","TOTAL","T","DEC0",2014,622
"18510811","TOTAL","T","DEC01",2014,719
"18510812","TOTAL","T","DEC02",2014,180
"18510813","TOTAL","T","DEC03",2014,-101
"18510814","TOTAL","T","DEC04",2014,-9
"18510815","TOTAL","T","DEC05",2014,-14
"18510816","TOTAL","T","DEC06",2014,-135
"18510817","TOTAL","T","DED2",2014,1811
"18510818","TOTAL","T","DED21",2014,5376
"18510819","TOTAL","T","DED2C",2014,-1516
"18510820","TOTAL","T","DED2D",2014,-1449
"18510821","TOTAL","T","DED2E",2014,-641
"18510822","TOTAL","T","DED2F",2014,25
"18510823","TOTAL","T","DED4",2014,-4262
"18510824","TOTAL","T","DED41",2014,1262
"18510825","TOTAL","T","DED42",2014,-2134
"18510826","TOTAL","T","DED43",2014,-1427
"18510827","TOTAL","T","DED44",2014,-791
"18510828","TOTAL","T","DED45",2014,-1170
"18510829","TOTAL","T","DED5",2014,7981
"18510830","TOTAL","T","DED51",2014,9437
"18510831","TOTAL","T","DED52",2014,-725
"18510832","TOTAL","T","DED53",2014,-735
"18510833","TOTAL","T","DEE0",2014,-7433
"18510834","TOTAL","T","DEE01",2014,-382
"18510835","TOTAL","T","DEE02",2014,1356
"18510836","TOTAL","T","DEE03",2014,1277
"18510837","TOTAL","T","DEE04",2014,-494
"18510838","TOTAL","T","DEE05",2014,-1200
"18510839","TOTAL","T","DEE06",2014,-422
"18510840","TOTAL","T","DEE07",2014,-717
"18510841","TOTAL","T","DEE08",2014,-1066
"18510842","TOTAL","T","DEE09",2014,-1104
"18510843","TOTAL","T","DEE0A",2014,-1022
"18510844","TOTAL","T","DEE0B",2014,-863
"18510845","TOTAL","T","DEE0C",2014,-1116
"18510846","TOTAL","T","DEE0D",2014,-968
"18510847","TOTAL","T","DEE0E",2014,-705
"18510848","TOTAL","T","DEF0",2014,11072
"18510849","TOTAL","T","DEF01",2014,691
"18510850","TOTAL","T","DEF02",2014,2292
"18510851","TOTAL","T","DEF03",2014,1431
"18510852","TOTAL","T","DEF04",2014,180
"18510853","TOTAL","T","DEF05",2014,24
"18510854","TOTAL","T","DEF06",2014,1004
"18510855","TOTAL","T","DEF07",2014,-119
"18510856","TOTAL","T","DEF08",2014,730
"18510857","TOTAL","T","DEF09",2014,2066
"18510858","TOTAL","T","DEF0A",2014,-128
"18510859","TOTAL","T","DEF0B",2014,10
"18510860","TOTAL","T","DEF0C",2014,-82
"18510861","TOTAL","T","DEF0D",2014,1130
"18510862","TOTAL","T","DEF0E",2014,-41
"18510863","TOTAL","T","DEF0F",2014,1880
"18510864","TOTAL","T","DEG0",2014,-4036
"18510865","TOTAL","T","DEG01",2014,1523
"18510866","TOTAL","T","DEG02",2014,151
"18510867","TOTAL","T","DEG03",2014,229
"18510868","TOTAL","T","DEG04",2014,-341
"18510869","TOTAL","T","DEG05",2014,142
"18510870","TOTAL","T","DEG06",2014,-531
"18510871","TOTAL","T","DEG07",2014,-342
"18510872","TOTAL","T","DEG09",2014,-320
"18510873","TOTAL","T","DEG0A",2014,-333
"18510874","TOTAL","T","DEG0B",2014,-373
"18510875","TOTAL","T","DEG0C",2014,-78
"18510876","TOTAL","T","DEG0D",2014,-248
"18510877","TOTAL","T","DEG0E",2014,-328
"18510878","TOTAL","T","DEG0F",2014,-105
"18510879","TOTAL","T","DEG0G",2014,-220
"18510880","TOTAL","T","DEG0H",2014,-302
"18510881","TOTAL","T","DEG0I",2014,-372
"18510882","TOTAL","T","DEG0J",2014,-246
"18510883","TOTAL","T","DEG0K",2014,-405
"18510884","TOTAL","T","DEG0L",2014,-678
"18510885","TOTAL","T","DEG0M",2014,-537
"18510886","TOTAL","T","DEG0N",2014,161
"18510887","TOTAL","T","DEG0P",2014,-460
"18510888","TOTAL","T","DK",2014,16553
"18510889","TOTAL","T","DK01",2014,11663
"18510890","TOTAL","T","DK011",2014,6789
"18510891","TOTAL","T","DK012",2014,3533
"18510892","TOTAL","T","DK013",2014,1501
"18510893","TOTAL","T","DK014",2014,-154
"18510894","TOTAL","T","DK02",2014,484
"18510895","TOTAL","T","DK021",2014,678
"18510896","TOTAL","T","DK022",2014,-194
"18510897","TOTAL","T","DK03",2014,630
"18510898","TOTAL","T","DK031",2014,603
"18510899","TOTAL","T","DK032",2014,32
"18510900","TOTAL","T","DK04",2014,3499
"18510901","TOTAL","T","DK041",2014,-388
"18510902","TOTAL","T","DK042",2014,3884
"18510903","TOTAL","T","DK05",2014,281
"18510904","TOTAL","T","DK050",2014,281
"18510905","TOTAL","T","EE",2014,-2761
"18510906","TOTAL","T","EE00",2014,-2761
"18510907","TOTAL","T","EE001",2014,2491
"18510908","TOTAL","T","EE004",2014,-957
"18510909","TOTAL","T","EE006",2014,-1280
"18510910","TOTAL","T","EE007",2014,-1099
"18510911","TOTAL","T","EE008",2014,-1903
"18510912","TOTAL","T","EL",2014,-26126
"18510913","TOTAL","T","EL11",2014,1286
"18510914","TOTAL","T","EL111",2014,1325
"18510915","TOTAL","T","EL112",2014,-150
"18510916","TOTAL","T","EL113",2014,182
"18510917","TOTAL","T","EL114",2014,192
"18510918","TOTAL","T","EL115",2014,-239
"18510919","TOTAL","T","EL12",2014,-5616
"18510920","TOTAL","T","EL121",2014,-159
"18510921","TOTAL","T","EL122",2014,-6597
"18510922","TOTAL","T","EL123",2014,273
"18510923","TOTAL","T","EL124",2014,-224
"18510924","TOTAL","T","EL125",2014,578
"18510925","TOTAL","T","EL126",2014,-61
"18510926","TOTAL","T","EL127",2014,566
"18510927","TOTAL","T","EL13",2014,-932
"18510928","TOTAL","T","EL131",2014,253
"18510929","TOTAL","T","EL132",2014,-191
"18510930","TOTAL","T","EL133",2014,-943
"18510931","TOTAL","T","EL134",2014,-48
"18510932","TOTAL","T","EL14",2014,-1588
"18510933","TOTAL","T","EL141",2014,-432
"18510934","TOTAL","T","EL142",2014,-1479
"18510935","TOTAL","T","EL143",2014,43
"18510936","TOTAL","T","EL144",2014,290
"18510937","TOTAL","T","EL21",2014,220
"18510938","TOTAL","T","EL211",2014,-350
"18510939","TOTAL","T","EL212",2014,232
"18510940","TOTAL","T","EL213",2014,126
"18510941","TOTAL","T","EL214",2014,202
"18510942","TOTAL","T","EL22",2014,97
"18510943","TOTAL","T","EL221",2014,-114
"18510944","TOTAL","T","EL222",2014,-153
"18510945","TOTAL","T","EL223",2014,221
"18510946","TOTAL","T","EL224",2014,141
"18510947","TOTAL","T","EL23",2014,-3290
"18510948","TOTAL","T","EL231",2014,-1182
"18510949","TOTAL","T","EL232",2014,-1951
"18510950","TOTAL","T","EL233",2014,-173
"18510951","TOTAL","T","EL24",2014,1472
"18510952","TOTAL","T","EL241",2014,625
"18510953","TOTAL","T","EL242",2014,-147
"18510954","TOTAL","T","EL243",2014,-17
"18510955","TOTAL","T","EL244",2014,356
"18510956","TOTAL","T","EL245",2014,670
"18510957","TOTAL","T","EL25",2014,955
"18510958","TOTAL","T","EL251",2014,9
"18510959","TOTAL","T","EL252",2014,-169
"18510960","TOTAL","T","EL253",2014,354
"18510961","TOTAL","T","EL254",2014,468
"18510962","TOTAL","T","EL255",2014,301
"18510963","TOTAL","T","EL30",2014,-21028
"18510964","TOTAL","T","EL300",2014,-21028
"18510965","TOTAL","T","EL41",2014,879
"18510966","TOTAL","T","EL411",2014,442
"18510967","TOTAL","T","EL412",2014,280
"18510968","TOTAL","T","EL413",2014,155
"18510969","TOTAL","T","EL42",2014,1518
"18510970","TOTAL","T","EL421",2014,793
"18510971","TOTAL","T","EL422",2014,713
"18510972","TOTAL","T","EL43",2014,-90
"18510973","TOTAL","T","EL431",2014,-536
"18510974","TOTAL","T","EL432",2014,-83
"18510975","TOTAL","T","EL433",2014,250
"18510976","TOTAL","T","EL434",2014,275
"18510977","TOTAL","T","ES",2014,-83542
"18510978","TOTAL","T","ES11",2014,1567
"18510979","TOTAL","T","ES111",2014,1126
"18510980","TOTAL","T","ES112",2014,136
"18510981","TOTAL","T","ES113",2014,278
"18510982","TOTAL","T","ES114",2014,9
"18510983","TOTAL","T","ES12",2014,805
"18510984","TOTAL","T","ES120",2014,805
"18510985","TOTAL","T","ES13",2014,325
"18510986","TOTAL","T","ES130",2014,325
"18510987","TOTAL","T","ES21",2014,-4728
"18510988","TOTAL","T","ES211",2014,-314
"18510989","TOTAL","T","ES212",2014,-1177
"18510990","TOTAL","T","ES213",2014,-3247
"18510991","TOTAL","T","ES22",2014,-259
"18510992","TOTAL","T","ES220",2014,-259
"18510993","TOTAL","T","ES23",2014,-1517
"18510994","TOTAL","T","ES230",2014,-1517
"18510995","TOTAL","T","ES24",2014,-3729
"18510996","TOTAL","T","ES241",2014,-567
"18510997","TOTAL","T","ES242",2014,-1080
"18510998","TOTAL","T","ES243",2014,-2089
"18510999","TOTAL","T","ES30",2014,-27912
"18511000","TOTAL","T","ES300",2014,-27912
"18511001","TOTAL","T","ES41",2014,-5257
"18511002","TOTAL","T","ES411",2014,-734
"18511003","TOTAL","T","ES412",2014,-1750
"18511004","TOTAL","T","ES413",2014,-48
"18511005","TOTAL","T","ES414",2014,-477
"18511006","TOTAL","T","ES415",2014,-471
"18511007","TOTAL","T","ES416",2014,-550
"18511008","TOTAL","T","ES417",2014,-87
"18511009","TOTAL","T","ES418",2014,-702
"18511010","TOTAL","T","ES419",2014,-416
"18511011","TOTAL","T","ES42",2014,-1337
"18511012","TOTAL","T","ES421",2014,-1002
"18511013","TOTAL","T","ES422",2014,-1573
"18511014","TOTAL","T","ES423",2014,-1064
"18511015","TOTAL","T","ES424",2014,1089
"18511016","TOTAL","T","ES425",2014,1224
"18511017","TOTAL","T","ES43",2014,625
"18511018","TOTAL","T","ES431",2014,356
"18511019","TOTAL","T","ES432",2014,264
"18511020","TOTAL","T","ES51",2014,-29091
"18511021","TOTAL","T","ES511",2014,-24147
"18511022","TOTAL","T","ES512",2014,-1622
"18511023","TOTAL","T","ES513",2014,-723
"18511024","TOTAL","T","ES514",2014,-2594
"18511025","TOTAL","T","ES52",2014,-22294
"18511026","TOTAL","T","ES521",2014,-4229
"18511027","TOTAL","T","ES522",2014,-5113
"18511028","TOTAL","T","ES523",2014,-12951
"18511029","TOTAL","T","ES53",2014,2325
"18511030","TOTAL","T","ES531",2014,2247
"18511031","TOTAL","T","ES532",2014,141
"18511032","TOTAL","T","ES533",2014,-65
"18511033","TOTAL","T","ES61",2014,1956
"18511034","TOTAL","T","ES611",2014,-411
"18511035","TOTAL","T","ES612",2014,-336
"18511036","TOTAL","T","ES613",2014,-1635
"18511037","TOTAL","T","ES614",2014,-377
"18511038","TOTAL","T","ES615",2014,251
"18511039","TOTAL","T","ES616",2014,-2237
"18511040","TOTAL","T","ES617",2014,5534
"18511041","TOTAL","T","ES618",2014,1173
"18511042","TOTAL","T","ES62",2014,-6462
"18511043","TOTAL","T","ES620",2014,-6462
"18511044","TOTAL","T","ES63",2014,1035
"18511045","TOTAL","T","ES630",2014,1035
"18511046","TOTAL","T","ES64",2014,1301
"18511047","TOTAL","T","ES640",2014,1301
"18511048","TOTAL","T","ES70",2014,9124
"18511049","TOTAL","T","ES703",2014,15
"18511050","TOTAL","T","ES704",2014,1078
"18511051","TOTAL","T","ES705",2014,3641
"18511052","TOTAL","T","ES706",2014,-339
"18511053","TOTAL","T","ES707",2014,53
"18511054","TOTAL","T","ES708",2014,-444
"18511055","TOTAL","T","ES709",2014,5093
"18511056","TOTAL","T","FI",2014,20058
"18511057","TOTAL","T","FI19",2014,4428
"18511058","TOTAL","T","FI193",2014,691
"18511059","TOTAL","T","FI194",2014,130
"18511060","TOTAL","T","FI195",2014,608
"18511061","TOTAL","T","FI196",2014,146
"18511062","TOTAL","T","FI197",2014,2839
"18511063","TOTAL","T","FI1B",2014,11013
"18511064","TOTAL","T","FI1B1",2014,11013
"18511065","TOTAL","T","FI1C",2014,4116
"18511066","TOTAL","T","FI1C1",2014,1902
"18511067","TOTAL","T","FI1C2",2014,903
"18511068","TOTAL","T","FI1C3",2014,849
"18511069","TOTAL","T","FI1C4",2014,280
"18511070","TOTAL","T","FI1C5",2014,171
"18511071","TOTAL","T","FI1D",2014,199
"18511072","TOTAL","T","FI1D1",2014,-135
"18511073","TOTAL","T","FI1D2",2014,315
"18511074","TOTAL","T","FI1D3",2014,181
"18511075","TOTAL","T","FI1D4",2014,-304
"18511076","TOTAL","T","FI1D5",2014,-56
"18511077","TOTAL","T","FI1D6",2014,372
"18511078","TOTAL","T","FI1D7",2014,-145
"18511079","TOTAL","T","FI20",2014,299
"18511080","TOTAL","T","FI200",2014,299
"18511081","TOTAL","T","FR",2014,85972
"18511082","TOTAL","T","FR10",2014,-38569
"18511083","TOTAL","T","FR101",2014,-7890
"18511084","TOTAL","T","FR102",2014,2751
"18511085","TOTAL","T","FR103",2014,-8192
"18511086","TOTAL","T","FR104",2014,-1453
"18511087","TOTAL","T","FR105",2014,-4679
"18511088","TOTAL","T","FR106",2014,-10042
"18511089","TOTAL","T","FR107",2014,-3638
"18511090","TOTAL","T","FR108",2014,-5421
"18511091","TOTAL","T","FR21",2014,-2281
"18511092","TOTAL","T","FR211",2014,-660
"18511093","TOTAL","T","FR212",2014,386
"18511094","TOTAL","T","FR213",2014,-1132
"18511095","TOTAL","T","FR214",2014,-866
"18511096","TOTAL","T","FR22",2014,-2879
"18511097","TOTAL","T","FR221",2014,-774
"18511098","TOTAL","T","FR222",2014,-1648
"18511099","TOTAL","T","FR223",2014,-475
"18511100","TOTAL","T","FR23",2014,-1713
"18511101","TOTAL","T","FR231",2014,1051
"18511102","TOTAL","T","FR232",2014,-2764
"18511103","TOTAL","T","FR24",2014,3902
"18511104","TOTAL","T","FR241",2014,298
"18511105","TOTAL","T","FR242",2014,573
"18511106","TOTAL","T","FR243",2014,-16
"18511107","TOTAL","T","FR244",2014,1541
"18511108","TOTAL","T","FR245",2014,1207
"18511109","TOTAL","T","FR246",2014,291
"18511110","TOTAL","T","FR25",2014,847
"18511111","TOTAL","T","FR251",2014,555
"18511112","TOTAL","T","FR252",2014,769
"18511113","TOTAL","T","FR253",2014,-471
"18511114","TOTAL","T","FR26",2014,1205
"18511115","TOTAL","T","FR261",2014,249
"18511116","TOTAL","T","FR262",2014,88
"18511117","TOTAL","T","FR263",2014,743
"18511118","TOTAL","T","FR264",2014,122
"18511119","TOTAL","T","FR30",2014,-11348
"18511120","TOTAL","T","FR301",2014,-7624
"18511121","TOTAL","T","FR302",2014,-3728
"18511122","TOTAL","T","FR41",2014,-3095
"18511123","TOTAL","T","FR411",2014,-849
"18511124","TOTAL","T","FR412",2014,-449
"18511125","TOTAL","T","FR413",2014,-1114
"18511126","TOTAL","T","FR414",2014,-669
"18511127","TOTAL","T","FR42",2014,-641
"18511128","TOTAL","T","FR421",2014,-484
"18511129","TOTAL","T","FR422",2014,-152
"18511130","TOTAL","T","FR43",2014,-565
"18511131","TOTAL","T","FR431",2014,-454
"18511132","TOTAL","T","FR432",2014,-131
"18511133","TOTAL","T","FR433",2014,35
"18511134","TOTAL","T","FR434",2014,-17
"18511135","TOTAL","T","FR51",2014,16923
"18511136","TOTAL","T","FR511",2014,8242
"18511137","TOTAL","T","FR512",2014,1634
"18511138","TOTAL","T","FR513",2014,91
"18511139","TOTAL","T","FR514",2014,567
"18511140","TOTAL","T","FR515",2014,6379
"18511141","TOTAL","T","FR52",2014,17038
"18511142","TOTAL","T","FR521",2014,3846
"18511143","TOTAL","T","FR522",2014,2991
"18511144","TOTAL","T","FR523",2014,5037
"18511145","TOTAL","T","FR524",2014,5158
"18511146","TOTAL","T","FR53",2014,8251
"18511147","TOTAL","T","FR531",2014,1054
"18511148","TOTAL","T","FR532",2014,5088
"18511149","TOTAL","T","FR533",2014,1348
"18511150","TOTAL","T","FR534",2014,753
"18511151","TOTAL","T","FR61",2014,24220
"18511152","TOTAL","T","FR611",2014,3157
"18511153","TOTAL","T","FR612",2014,11081
"18511154","TOTAL","T","FR613",2014,4908
"18511155","TOTAL","T","FR614",2014,1554
"18511156","TOTAL","T","FR615",2014,3503
"18511157","TOTAL","T","FR62",2014,18423
"18511158","TOTAL","T","FR621",2014,888
"18511159","TOTAL","T","FR622",2014,823
"18511160","TOTAL","T","FR623",2014,9170
"18511161","TOTAL","T","FR624",2014,1638
"18511162","TOTAL","T","FR625",2014,1078
"18511163","TOTAL","T","FR626",2014,575
"18511164","TOTAL","T","FR627",2014,2029
"18511165","TOTAL","T","FR628",2014,2221
"18511166","TOTAL","T","FR63",2014,1726
"18511167","TOTAL","T","FR631",2014,543
"18511168","TOTAL","T","FR632",2014,398
"18511169","TOTAL","T","FR633",2014,783
"18511170","TOTAL","T","FR71",2014,25919
"18511171","TOTAL","T","FR711",2014,5187
"18511172","TOTAL","T","FR712",2014,1853
"18511173","TOTAL","T","FR713",2014,1845
"18511174","TOTAL","T","FR714",2014,2451
"18511175","TOTAL","T","FR715",2014,1241
"18511176","TOTAL","T","FR716",2014,5585
"18511177","TOTAL","T","FR717",2014,1811
"18511178","TOTAL","T","FR718",2014,5941
"18511179","TOTAL","T","FR72",2014,4662
"18511180","TOTAL","T","FR721",2014,1195
"18511181","TOTAL","T","FR722",2014,374
"18511182","TOTAL","T","FR723",2014,1113
"18511183","TOTAL","T","FR724",2014,1990
"18511184","TOTAL","T","FR81",2014,24383
"18511185","TOTAL","T","FR811",2014,3189
"18511186","TOTAL","T","FR812",2014,5883
"18511187","TOTAL","T","FR813",2014,11001
"18511188","TOTAL","T","FR814",2014,152
"18511189","TOTAL","T","FR815",2014,4150
"18511190","TOTAL","T","FR82",2014,5064
"18511191","TOTAL","T","FR821",2014,985
"18511192","TOTAL","T","FR822",2014,1221
"18511193","TOTAL","T","FR823",2014,-367
"18511194","TOTAL","T","FR824",2014,-2313
"18511195","TOTAL","T","FR825",2014,5195
"18511196","TOTAL","T","FR826",2014,339
"18511197","TOTAL","T","FR83",2014,3497
"18511198","TOTAL","T","FR831",2014,1251
"18511199","TOTAL","T","FR832",2014,2238
"18511200","TOTAL","T","FR91",2014,-3541
"18511201","TOTAL","T","FR910",2014,-3541
"18511202","TOTAL","T","FR92",2014,-2004
"18511203","TOTAL","T","FR920",2014,-2004
"18511204","TOTAL","T","FR93",2014,-23
"18511205","TOTAL","T","FR930",2014,-23
"18511206","TOTAL","T","FR94",2014,-3422
"18511207","TOTAL","T","FR940",2014,-3422
"18511208","TOTAL","T","HR",2014,3795
"18511209","TOTAL","T","HR03",2014,2785
"18511210","TOTAL","T","HR031",2014,731
"18511211","TOTAL","T","HR032",2014,-240
"18511212","TOTAL","T","HR033",2014,1035
"18511213","TOTAL","T","HR034",2014,-311
"18511214","TOTAL","T","HR035",2014,558
"18511215","TOTAL","T","HR036",2014,658
"18511216","TOTAL","T","HR037",2014,327
"18511217","TOTAL","T","HR04",2014,1001
"18511218","TOTAL","T","HR041",2014,3044
"18511219","TOTAL","T","HR042",2014,1516
"18511220","TOTAL","T","HR043",2014,185
"18511221","TOTAL","T","HR044",2014,223
"18511222","TOTAL","T","HR045",2014,41
"18511223","TOTAL","T","HR046",2014,52
"18511224","TOTAL","T","HR047",2014,-381
"18511225","TOTAL","T","HR048",2014,-323
"18511226","TOTAL","T","HR049",2014,-499
"18511227","TOTAL","T","HR04A",2014,-458
"18511228","TOTAL","T","HR04B",2014,-190
"18511229","TOTAL","T","HR04C",2014,-754
"18511230","TOTAL","T","HR04D",2014,-306
"18511231","TOTAL","T","HR04E",2014,-1130
"18511232","TOTAL","T","HU",2014,21615
"18511233","TOTAL","T","HU10",2014,29852
"18511234","TOTAL","T","HU101",2014,16179
"18511235","TOTAL","T","HU102",2014,13676
"18511236","TOTAL","T","HU21",2014,567
"18511237","TOTAL","T","HU211",2014,801
"18511238","TOTAL","T","HU212",2014,153
"18511239","TOTAL","T","HU213",2014,-376
"18511240","TOTAL","T","HU22",2014,4270
"18511241","TOTAL","T","HU221",2014,3714
"18511242","TOTAL","T","HU222",2014,310
"18511243","TOTAL","T","HU223",2014,255
"18511244","TOTAL","T","HU23",2014,-931
"18511245","TOTAL","T","HU231",2014,-228
"18511246","TOTAL","T","HU232",2014,192
"18511247","TOTAL","T","HU233",2014,-893
"18511248","TOTAL","T","HU31",2014,-6928
"18511249","TOTAL","T","HU311",2014,-4719
"18511250","TOTAL","T","HU312",2014,-1030
"18511251","TOTAL","T","HU313",2014,-1176
"18511252","TOTAL","T","HU32",2014,-4659
"18511253","TOTAL","T","HU321",2014,-42
"18511254","TOTAL","T","HU322",2014,-1740
"18511255","TOTAL","T","HU323",2014,-2876
"18511256","TOTAL","T","HU33",2014,-563
"18511257","TOTAL","T","HU331",2014,3
"18511258","TOTAL","T","HU332",2014,-1557
"18511259","TOTAL","T","HU333",2014,992
"18511260","TOTAL","T","IE",2014,-32121
"18511261","TOTAL","T","IE01",2014,-6825
"18511262","TOTAL","T","IE011",2014,-3418
"18511263","TOTAL","T","IE012",2014,210
"18511264","TOTAL","T","IE013",2014,-3614
"18511265","TOTAL","T","IE02",2014,-25297
"18511266","TOTAL","T","IE021",2014,-13509
"18511267","TOTAL","T","IE022",2014,-2384
"18511268","TOTAL","T","IE023",2014,-3119
"18511269","TOTAL","T","IE024",2014,-2361
"18511270","TOTAL","T","IE025",2014,-3910
"18511271","TOTAL","T","IS",2014,151
"18511272","TOTAL","T","IS00",2014,151
"18511273","TOTAL","T","IS001",2014,657
"18511274","TOTAL","T","IS002",2014,-512
"18511275","TOTAL","T","IT",2014,304268
"18511276","TOTAL","T","ITC1",2014,24322
"18511277","TOTAL","T","ITC11",2014,10616
"18511278","TOTAL","T","ITC12",2014,844
"18511279","TOTAL","T","ITC13",2014,332
"18511280","TOTAL","T","ITC14",2014,674
"18511281","TOTAL","T","ITC15",2014,2651
"18511282","TOTAL","T","ITC16",2014,4171
"18511283","TOTAL","T","ITC17",2014,1628
"18511284","TOTAL","T","ITC18",2014,3404
"18511285","TOTAL","T","ITC2",2014,623
"18511286","TOTAL","T","ITC20",2014,623
"18511287","TOTAL","T","ITC3",2014,9705
"18511288","TOTAL","T","ITC31",2014,1839
"18511289","TOTAL","T","ITC32",2014,2094
"18511290","TOTAL","T","ITC33",2014,4031
"18511291","TOTAL","T","ITC34",2014,1732
"18511292","TOTAL","T","ITC4",2014,70238
"18511293","TOTAL","T","ITC41",2014,5566
"18511294","TOTAL","T","ITC42",2014,4542
"18511295","TOTAL","T","ITC43",2014,1908
"18511296","TOTAL","T","ITC44",2014,567
"18511297","TOTAL","T","ITC46",2014,7599
"18511298","TOTAL","T","ITC47",2014,8181
"18511299","TOTAL","T","ITC48",2014,5615
"18511300","TOTAL","T","ITC49",2014,1883
"18511301","TOTAL","T","ITC4A",2014,2843
"18511302","TOTAL","T","ITC4B",2014,3354
"18511303","TOTAL","T","ITC4C",2014,21085
"18511304","TOTAL","T","ITC4D",2014,7110
"18511305","TOTAL","T","ITF1",2014,7059
"18511306","TOTAL","T","ITF11",2014,1369
"18511307","TOTAL","T","ITF12",2014,1782
"18511308","TOTAL","T","ITF13",2014,2129
"18511309","TOTAL","T","ITF14",2014,1772
"18511310","TOTAL","T","ITF2",2014,563
"18511311","TOTAL","T","ITF21",2014,175
"18511312","TOTAL","T","ITF22",2014,387
"18511313","TOTAL","T","ITF3",2014,1460
"18511314","TOTAL","T","ITF31",2014,3091
"18511315","TOTAL","T","ITF32",2014,355
"18511316","TOTAL","T","ITF33",2014,-4955
"18511317","TOTAL","T","ITF34",2014,429
"18511318","TOTAL","T","ITF35",2014,2549
"18511319","TOTAL","T","ITF4",2014,3761
"18511320","TOTAL","T","ITF43",2014,-26
"18511321","TOTAL","T","ITF44",2014,599
"18511322","TOTAL","T","ITF45",2014,1909
"18511323","TOTAL","T","ITF46",2014,-622
"18511324","TOTAL","T","ITF47",2014,1642
"18511325","TOTAL","T","ITF48",2014,280
"18511326","TOTAL","T","ITF5",2014,-154
"18511327","TOTAL","T","ITF51",2014,-239
"18511328","TOTAL","T","ITF52",2014,79
"18511329","TOTAL","T","ITF6",2014,-313
"18511330","TOTAL","T","ITF61",2014,426
"18511331","TOTAL","T","ITF62",2014,112
"18511332","TOTAL","T","ITF63",2014,140
"18511333","TOTAL","T","ITF64",2014,-564
"18511334","TOTAL","T","ITF65",2014,-430
"18511335","TOTAL","T","ITG1",2014,9006
"18511336","TOTAL","T","ITG11",2014,1467
"18511337","TOTAL","T","ITG12",2014,1416
"18511338","TOTAL","T","ITG13",2014,1336
"18511339","TOTAL","T","ITG14",2014,840
"18511340","TOTAL","T","ITG15",2014,487
"18511341","TOTAL","T","ITG16",2014,44
"18511342","TOTAL","T","ITG17",2014,896
"18511343","TOTAL","T","ITG18",2014,1843
"18511344","TOTAL","T","ITG19",2014,684
"18511345","TOTAL","T","ITG2",2014,3090
"18511346","TOTAL","T","ITG25",2014,1275
"18511347","TOTAL","T","ITG26",2014,-135
"18511348","TOTAL","T","ITG27",2014,789
"18511349","TOTAL","T","ITG28",2014,140
"18511350","TOTAL","T","ITG29",2014,1053
"18511351","TOTAL","T","ITG2A",2014,37
"18511352","TOTAL","T","ITG2B",2014,-115
"18511353","TOTAL","T","ITG2C",2014,57
"18511354","TOTAL","T","ITH1",2014,3048
"18511355","TOTAL","T","ITH10",2014,3048
"18511356","TOTAL","T","ITH2",2014,4175
"18511357","TOTAL","T","ITH20",2014,4175
"18511358","TOTAL","T","ITH3",2014,24148
"18511359","TOTAL","T","ITH31",2014,4787
"18511360","TOTAL","T","ITH32",2014,3680
"18511361","TOTAL","T","ITH33",2014,511
"18511362","TOTAL","T","ITH34",2014,3334
"18511363","TOTAL","T","ITH35",2014,5115
"18511364","TOTAL","T","ITH36",2014,5787
"18511365","TOTAL","T","ITH37",2014,944
"18511366","TOTAL","T","ITH4",2014,7245
"18511367","TOTAL","T","ITH41",2014,1885
"18511368","TOTAL","T","ITH42",2014,3086
"18511369","TOTAL","T","ITH43",2014,847
"18511370","TOTAL","T","ITH44",2014,1424
"18511371","TOTAL","T","ITH5",2014,42894
"18511372","TOTAL","T","ITH51",2014,3119
"18511373","TOTAL","T","ITH52",2014,4866
"18511374","TOTAL","T","ITH53",2014,4668
"18511375","TOTAL","T","ITH54",2014,5008
"18511376","TOTAL","T","ITH55",2014,11517
"18511377","TOTAL","T","ITH56",2014,2549
"18511378","TOTAL","T","ITH57",2014,4059
"18511379","TOTAL","T","ITH58",2014,3576
"18511380","TOTAL","T","ITH59",2014,3546
"18511381","TOTAL","T","ITI1",2014,29502
"18511382","TOTAL","T","ITI11",2014,1173
"18511383","TOTAL","T","ITI12",2014,2935
"18511384","TOTAL","T","ITI13",2014,1716
"18511385","TOTAL","T","ITI14",2014,10009
"18511386","TOTAL","T","ITI15",2014,1027
"18511387","TOTAL","T","ITI16",2014,2361
"18511388","TOTAL","T","ITI17",2014,3787
"18511389","TOTAL","T","ITI18",2014,2358
"18511390","TOTAL","T","ITI19",2014,2144
"18511391","TOTAL","T","ITI1A",2014,1964
"18511392","TOTAL","T","ITI2",2014,7091
"18511393","TOTAL","T","ITI21",2014,5291
"18511394","TOTAL","T","ITI22",2014,1794
"18511395","TOTAL","T","ITI3",2014,8955
"18511396","TOTAL","T","ITI31",2014,2084
"18511397","TOTAL","T","ITI32",2014,2937
"18511398","TOTAL","T","ITI33",2014,1964
"18511399","TOTAL","T","ITI34",2014,928
"18511400","TOTAL","T","ITI35",2014,1048
"18511401","TOTAL","T","ITI4",2014,47832
"18511402","TOTAL","T","ITI41",2014,3384
"18511403","TOTAL","T","ITI42",2014,1420
"18511404","TOTAL","T","ITI43",2014,35540
"18511405","TOTAL","T","ITI44",2014,5544
"18511406","TOTAL","T","ITI45",2014,1941
"18511407","TOTAL","T","LT",2014,-33358
"18511408","TOTAL","T","LT00",2014,-33358
"18511409","TOTAL","T","LT001",2014,-2379
"18511410","TOTAL","T","LT002",2014,-7327
"18511411","TOTAL","T","LT003",2014,-4020
"18511412","TOTAL","T","LT004",2014,-2202
"18511413","TOTAL","T","LT005",2014,-3300
"18511414","TOTAL","T","LT006",2014,-5586
"18511415","TOTAL","T","LT007",2014,-1783
"18511416","TOTAL","T","LT008",2014,-2323
"18511417","TOTAL","T","LT009",2014,-2022
"18511418","TOTAL","T","LT00A",2014,-2404
"18511419","TOTAL","T","LU",2014,10623
"18511420","TOTAL","T","LU00",2014,10623
"18511421","TOTAL","T","LU000",2014,10623
"18511422","TOTAL","T","LV",2014,-10625
"18511423","TOTAL","T","LV00",2014,-10625
"18511424","TOTAL","T","LV003",2014,-2455
"18511425","TOTAL","T","LV005",2014,-2819
"18511426","TOTAL","T","LV006",2014,-4195
"18511427","TOTAL","T","LV007",2014,2228
"18511428","TOTAL","T","LV008",2014,-1792
"18511429","TOTAL","T","LV009",2014,-1586
"18511430","TOTAL","T","MT",2014,1565
"18511431","TOTAL","T","MT00",2014,1565
"18511432","TOTAL","T","MT001",2014,1498
"18511433","TOTAL","T","MT002",2014,78
"18511434","TOTAL","T","NL",2014,17786
"18511435","TOTAL","T","NL11",2014,820
"18511436","TOTAL","T","NL111",2014,-443
"18511437","TOTAL","T","NL112",2014,-277
"18511438","TOTAL","T","NL113",2014,1539
"18511439","TOTAL","T","NL12",2014,-770
"18511440","TOTAL","T","NL121",2014,-483
"18511441","TOTAL","T","NL122",2014,-91
"18511442","TOTAL","T","NL123",2014,-194
"18511443","TOTAL","T","NL13",2014,6
"18511444","TOTAL","T","NL131",2014,213
"18511445","TOTAL","T","NL132",2014,-263
"18511446","TOTAL","T","NL133",2014,81
"18511447","TOTAL","T","NL21",2014,-476
"18511448","TOTAL","T","NL211",2014,26
"18511449","TOTAL","T","NL212",2014,-309
"18511450","TOTAL","T","NL213",2014,-190
"18511451","TOTAL","T","NL22",2014,1014
"18511452","TOTAL","T","NL221",2014,370
"18511453","TOTAL","T","NL224",2014,-344
"18511454","TOTAL","T","NL225",2014,-340
"18511455","TOTAL","T","NL226",2014,1324
"18511456","TOTAL","T","NL23",2014,578
"18511457","TOTAL","T","NL230",2014,578
"18511458","TOTAL","T","NL31",2014,1504
"18511459","TOTAL","T","NL310",2014,1504
"18511460","TOTAL","T","NL32",2014,7813
"18511461","TOTAL","T","NL321",2014,-240
"18511462","TOTAL","T","NL322",2014,-60
"18511463","TOTAL","T","NL323",2014,420
"18511464","TOTAL","T","NL324",2014,856
"18511465","TOTAL","T","NL325",2014,766
"18511466","TOTAL","T","NL326",2014,5646
"18511467","TOTAL","T","NL327",2014,438
"18511468","TOTAL","T","NL33",2014,5143
"18511469","TOTAL","T","NL332",2014,3883
"18511470","TOTAL","T","NL333",2014,617
"18511471","TOTAL","T","NL337",2014,497
"18511472","TOTAL","T","NL338",2014,-1110
"18511473","TOTAL","T","NL339",2014,1502
"18511474","TOTAL","T","NL33A",2014,-227
"18511475","TOTAL","T","NL34",2014,-214
"18511476","TOTAL","T","NL341",2014,-63
"18511477","TOTAL","T","NL342",2014,-150
"18511478","TOTAL","T","NL41",2014,2201
"18511479","TOTAL","T","NL411",2014,864
"18511480","TOTAL","T","NL412",2014,314
"18511481","TOTAL","T","NL413",2014,201
"18511482","TOTAL","T","NL414",2014,817
"18511483","TOTAL","T","NL42",2014,143
"18511484","TOTAL","T","NL421",2014,-242
"18511485","TOTAL","T","NL422",2014,208
"18511486","TOTAL","T","NL423",2014,180
"18511487","TOTAL","T","NO",2014,47748
"18511488","TOTAL","T","NO01",2014,15188
"18511489","TOTAL","T","NO011",2014,8252
"18511490","TOTAL","T","NO012",2014,6935
"18511491","TOTAL","T","NO02",2014,2428
"18511492","TOTAL","T","NO021",2014,1373
"18511493","TOTAL","T","NO022",2014,1051
"18511494","TOTAL","T","NO03",2014,9696
"18511495","TOTAL","T","NO031",2014,3195
"18511496","TOTAL","T","NO032",2014,3129
"18511497","TOTAL","T","NO033",2014,2341
"18511498","TOTAL","T","NO034",2014,1010
"18511499","TOTAL","T","NO04",2014,7584
"18511500","TOTAL","T","NO041",2014,1135
"18511501","TOTAL","T","NO042",2014,1457
"18511502","TOTAL","T","NO043",2014,4990
"18511503","TOTAL","T","NO05",2014,7431
"18511504","TOTAL","T","NO051",2014,4904
"18511505","TOTAL","T","NO052",2014,380
"18511506","TOTAL","T","NO053",2014,2139
"18511507","TOTAL","T","NO06",2014,3557
"18511508","TOTAL","T","NO061",2014,2752
"18511509","TOTAL","T","NO062",2014,784
"18511510","TOTAL","T","NO07",2014,1868
"18511511","TOTAL","T","NO071",2014,898
"18511512","TOTAL","T","NO072",2014,686
"18511513","TOTAL","T","NO073",2014,273
"18511514","TOTAL","T","PL",2014,1582
"18511515","TOTAL","T","PL11",2014,-967
"18511516","TOTAL","T","PL113",2014,-1543
"18511517","TOTAL","T","PL114",2014,1868
"18511518","TOTAL","T","PL115",2014,-671
"18511519","TOTAL","T","PL116",2014,-183
"18511520","TOTAL","T","PL117",2014,-405
"18511521","TOTAL","T","PL12",2014,13341
"18511522","TOTAL","T","PL121",2014,-1093
"18511523","TOTAL","T","PL122",2014,-1400
"18511524","TOTAL","T","PL127",2014,5000
"18511525","TOTAL","T","PL128",2014,-1150
"18511526","TOTAL","T","PL129",2014,5505
"18511527","TOTAL","T","PL12A",2014,6466
"18511528","TOTAL","T","PL21",2014,3268
"18511529","TOTAL","T","PL213",2014,-618
"18511530","TOTAL","T","PL214",2014,4102
"18511531","TOTAL","T","PL215",2014,-1
"18511532","TOTAL","T","PL216",2014,-11
"18511533","TOTAL","T","PL217",2014,-207
"18511534","TOTAL","T","PL22",2014,-5090
"18511535","TOTAL","T","PL224",2014,-94
"18511536","TOTAL","T","PL225",2014,1251
"18511537","TOTAL","T","PL227",2014,-961
"18511538","TOTAL","T","PL228",2014,-793
"18511539","TOTAL","T","PL229",2014,-1302
"18511540","TOTAL","T","PL22A",2014,-2289
"18511541","TOTAL","T","PL22B",2014,-920
"18511542","TOTAL","T","PL22C",2014,20
"18511543","TOTAL","T","PL31",2014,-4101
"18511544","TOTAL","T","PL311",2014,-823
"18511545","TOTAL","T","PL312",2014,-1424
"18511546","TOTAL","T","PL314",2014,-413
"18511547","TOTAL","T","PL315",2014,-1434
"18511548","TOTAL","T","PL32",2014,-1274
"18511549","TOTAL","T","PL323",2014,-464
"18511550","TOTAL","T","PL324",2014,-795
"18511551","TOTAL","T","PL325",2014,1093
"18511552","TOTAL","T","PL326",2014,-1104
"18511553","TOTAL","T","PL33",2014,-1708
"18511554","TOTAL","T","PL331",2014,-967
"18511555","TOTAL","T","PL332",2014,-744
"18511556","TOTAL","T","PL34",2014,-1272
"18511557","TOTAL","T","PL343",2014,481
"18511558","TOTAL","T","PL344",2014,-1207
"18511559","TOTAL","T","PL345",2014,-554
"18511560","TOTAL","T","PL41",2014,1514
"18511561","TOTAL","T","PL411",2014,-434
"18511562","TOTAL","T","PL414",2014,-605
"18511563","TOTAL","T","PL415",2014,-2967
"18511564","TOTAL","T","PL416",2014,-387
"18511565","TOTAL","T","PL417",2014,-104
"18511566","TOTAL","T","PL418",2014,6002
"18511567","TOTAL","T","PL42",2014,-339
"18511568","TOTAL","T","PL422",2014,-523
"18511569","TOTAL","T","PL423",2014,-648
"18511570","TOTAL","T","PL424",2014,-152
"18511571","TOTAL","T","PL425",2014,991
"18511572","TOTAL","T","PL43",2014,-313
"18511573","TOTAL","T","PL431",2014,-123
"18511574","TOTAL","T","PL432",2014,-202
"18511575","TOTAL","T","PL51",2014,1914
"18511576","TOTAL","T","PL514",2014,582
"18511577","TOTAL","T","PL515",2014,-695
"18511578","TOTAL","T","PL516",2014,-653
"18511579","TOTAL","T","PL517",2014,-982
"18511580","TOTAL","T","PL518",2014,3662
"18511581","TOTAL","T","PL52",2014,-2112
"18511582","TOTAL","T","PL521",2014,-869
"18511583","TOTAL","T","PL522",2014,-1237
"18511584","TOTAL","T","PL61",2014,-1393
"18511585","TOTAL","T","PL613",2014,435
"18511586","TOTAL","T","PL614",2014,-572
"18511587","TOTAL","T","PL615",2014,-1247
"18511588","TOTAL","T","PL62",2014,-2231
"18511589","TOTAL","T","PL621",2014,-1319
"18511590","TOTAL","T","PL622",2014,-491
"18511591","TOTAL","T","PL623",2014,-422
"18511592","TOTAL","T","PL63",2014,2333
"18511593","TOTAL","T","PL631",2014,-650
"18511594","TOTAL","T","PL633",2014,-782
"18511595","TOTAL","T","PL634",2014,4329
"18511596","TOTAL","T","PL635",2014,-568
"18511597","TOTAL","T","PT",2014,-30596
"18511598","TOTAL","T","PT11",2014,-17270
"18511599","TOTAL","T","PT111",2014,-661
"18511600","TOTAL","T","PT112",2014,-1367
"18511601","TOTAL","T","PT113",2014,-2630
"18511602","TOTAL","T","PT114",2014,-5544
"18511603","TOTAL","T","PT115",2014,-3391
"18511604","TOTAL","T","PT116",2014,-1320
"18511605","TOTAL","T","PT117",2014,-1273
"18511606","TOTAL","T","PT118",2014,-1080
"18511607","TOTAL","T","PT15",2014,387
"18511608","TOTAL","T","PT150",2014,387
"18511609","TOTAL","T","PT16",2014,-5922
"18511610","TOTAL","T","PT161",2014,-1125
"18511611","TOTAL","T","PT162",2014,-1621
"18511612","TOTAL","T","PT163",2014,-358
"18511613","TOTAL","T","PT164",2014,-342
"18511614","TOTAL","T","PT165",2014,-1065
"18511615","TOTAL","T","PT166",2014,-42
"18511616","TOTAL","T","PT167",2014,-254
"18511617","TOTAL","T","PT168",2014,-612
"18511618","TOTAL","T","PT169",2014,-125
"18511619","TOTAL","T","PT16A",2014,-514
"18511620","TOTAL","T","PT16B",2014,761
"18511621","TOTAL","T","PT16C",2014,-618
"18511622","TOTAL","T","PT17",2014,-5745
"18511623","TOTAL","T","PT171",2014,-6273
"18511624","TOTAL","T","PT172",2014,525
"18511625","TOTAL","T","PT18",2014,-1046
"18511626","TOTAL","T","PT181",2014,-5
"18511627","TOTAL","T","PT182",2014,-423
"18511628","TOTAL","T","PT183",2014,-648
"18511629","TOTAL","T","PT184",2014,-306
"18511630","TOTAL","T","PT185",2014,357
"18511631","TOTAL","T","PT20",2014,-526
"18511632","TOTAL","T","PT200",2014,-526
"18511633","TOTAL","T","PT30",2014,-471
"18511634","TOTAL","T","PT300",2014,-471
"18511635","TOTAL","T","RO",2014,-7516
"18511636","TOTAL","T","RO11",2014,646
"18511637","TOTAL","T","RO111",2014,658
"18511638","TOTAL","T","RO112",2014,-483
"18511639","TOTAL","T","RO113",2014,2512
"18511640","TOTAL","T","RO114",2014,-1183
"18511641","TOTAL","T","RO115",2014,-297
"18511642","TOTAL","T","RO116",2014,-547
"18511643","TOTAL","T","RO12",2014,214
"18511644","TOTAL","T","RO121",2014,-212
"18511645","TOTAL","T","RO122",2014,196
"18511646","TOTAL","T","RO123",2014,-416
"18511647","TOTAL","T","RO124",2014,-303
"18511648","TOTAL","T","RO125",2014,-27
"18511649","TOTAL","T","RO126",2014,950
"18511650","TOTAL","T","RO21",2014,-7040
"18511651","TOTAL","T","RO211",2014,-1680
"18511652","TOTAL","T","RO212",2014,-1917
"18511653","TOTAL","T","RO213",2014,-105
"18511654","TOTAL","T","RO214",2014,-808
"18511655","TOTAL","T","RO215",2014,-599
"18511656","TOTAL","T","RO216",2014,-1929
"18511657","TOTAL","T","RO22",2014,-3373
"18511658","TOTAL","T","RO221",2014,-1071
"18511659","TOTAL","T","RO222",2014,-618
"18511660","TOTAL","T","RO223",2014,797
"18511661","TOTAL","T","RO224",2014,-1324
"18511662","TOTAL","T","RO225",2014,-803
"18511663","TOTAL","T","RO226",2014,-347
"18511664","TOTAL","T","RO31",2014,-2325
"18511665","TOTAL","T","RO311",2014,-920
"18511666","TOTAL","T","RO312",2014,-139
"18511667","TOTAL","T","RO313",2014,186
"18511668","TOTAL","T","RO314",2014,1176
"18511669","TOTAL","T","RO315",2014,-710
"18511670","TOTAL","T","RO316",2014,-622
"18511671","TOTAL","T","RO317",2014,-1302
"18511672","TOTAL","T","RO32",2014,7074
"18511673","TOTAL","T","RO321",2014,-3904
"18511674","TOTAL","T","RO322",2014,10980
"18511675","TOTAL","T","RO41",2014,-4286
"18511676","TOTAL","T","RO411",2014,-264
"18511677","TOTAL","T","RO412",2014,-754
"18511678","TOTAL","T","RO413",2014,-868
"18511679","TOTAL","T","RO414",2014,-1784
"18511680","TOTAL","T","RO415",2014,-607
"18511681","TOTAL","T","RO42",2014,1540
"18511682","TOTAL","T","RO421",2014,886
"18511683","TOTAL","T","RO422",2014,-680
"18511684","TOTAL","T","RO423",2014,-1752
"18511685","TOTAL","T","RO424",2014,3092
"18511686","TOTAL","T","SE",2014,50503
"18511687","TOTAL","T","SE11",2014,21432
"18511688","TOTAL","T","SE110",2014,21432
"18511689","TOTAL","T","SE12",2014,8294
"18511690","TOTAL","T","SE121",2014,2272
"18511691","TOTAL","T","SE122",2014,1819
"18511692","TOTAL","T","SE123",2014,1864
"18511693","TOTAL","T","SE124",2014,1146
"18511694","TOTAL","T","SE125",2014,1174
"18511695","TOTAL","T","SE21",2014,1782
"18511696","TOTAL","T","SE211",2014,558
"18511697","TOTAL","T","SE212",2014,733
"18511698","TOTAL","T","SE213",2014,402
"18511699","TOTAL","T","SE214",2014,68
"18511700","TOTAL","T","SE22",2014,8986
"18511701","TOTAL","T","SE221",2014,243
"18511702","TOTAL","T","SE224",2014,8745
"18511703","TOTAL","T","SE23",2014,8118
"18511704","TOTAL","T","SE231",2014,1948
"18511705","TOTAL","T","SE232",2014,6175
"18511706","TOTAL","T","SE31",2014,1554
"18511707","TOTAL","T","SE311",2014,297
"18511708","TOTAL","T","SE312",2014,539
"18511709","TOTAL","T","SE313",2014,708
"18511710","TOTAL","T","SE32",2014,190
"18511711","TOTAL","T","SE321",2014,194
"18511712","TOTAL","T","SE322",2014,-4
"18511713","TOTAL","T","SE33",2014,170
"18511714","TOTAL","T","SE331",2014,209
"18511715","TOTAL","T","SE332",2014,-44
"18511716","TOTAL","T","SI",2014,3692
"18511717","TOTAL","T","SI01",2014,-125
"18511718","TOTAL","T","SI011",2014,-243
"18511719","TOTAL","T","SI012",2014,-55
"18511720","TOTAL","T","SI013",2014,-199
"18511721","TOTAL","T","SI014",2014,115
"18511722","TOTAL","T","SI015",2014,-242
"18511723","TOTAL","T","SI016",2014,153
"18511724","TOTAL","T","SI017",2014,202
"18511725","TOTAL","T","SI018",2014,124
"18511726","TOTAL","T","SI02",2014,3814
"18511727","TOTAL","T","SI021",2014,3143
"18511728","TOTAL","T","SI022",2014,-105
"18511729","TOTAL","T","SI023",2014,-20
"18511730","TOTAL","T","SI024",2014,820
"18511731","TOTAL","T","SK",2014,1832
"18511732","TOTAL","T","SK01",2014,2454
"18511733","TOTAL","T","SK010",2014,2454
"18511734","TOTAL","T","SK02",2014,367
"18511735","TOTAL","T","SK021",2014,1180
"18511736","TOTAL","T","SK022",2014,-479
"18511737","TOTAL","T","SK023",2014,-329
"18511738","TOTAL","T","SK03",2014,-547
"18511739","TOTAL","T","SK031",2014,-708
"18511740","TOTAL","T","SK032",2014,154
"18511741","TOTAL","T","SK04",2014,-431
"18511742","TOTAL","T","SK041",2014,-740
"18511743","TOTAL","T","SK042",2014,299
"18511744","TOTAL","T","UK",2014,160670
"18511745","TOTAL","T","UKC1",2014,150
"18511746","TOTAL","T","UKC11",2014,-88
"18511747","TOTAL","T","UKC12",2014,-1175
"18511748","TOTAL","T","UKC13",2014,69
"18511749","TOTAL","T","UKC14",2014,1359
"18511750","TOTAL","T","UKC2",2014,2019
"18511751","TOTAL","T","UKC21",2014,533
"18511752","TOTAL","T","UKC22",2014,2259
"18511753","TOTAL","T","UKC23",2014,-769
"18511754","TOTAL","T","UKD1",2014,-424
"18511755","TOTAL","T","UKD11",2014,-498
"18511756","TOTAL","T","UKD12",2014,80
"18511757","TOTAL","T","UKD3",2014,3600
"18511758","TOTAL","T","UKD31",2014,4051
"18511759","TOTAL","T","UKD32",2014,-458
"18511760","TOTAL","T","UKD4",2014,-736
"18511761","TOTAL","T","UKD41",2014,-560
"18511762","TOTAL","T","UKD42",2014,-331
"18511763","TOTAL","T","UKD43",2014,159
"18511764","TOTAL","T","UKD6",2014,572
"18511765","TOTAL","T","UKD61",2014,542
"18511766","TOTAL","T","UKD62",2014,535
"18511767","TOTAL","T","UKD63",2014,-503
"18511768","TOTAL","T","UKD7",2014,549
"18511769","TOTAL","T","UKD71",2014,-1122
"18511770","TOTAL","T","UKD72",2014,1503
"18511771","TOTAL","T","UKD73",2014,-161
"18511772","TOTAL","T","UKD74",2014,338
"18511773","TOTAL","T","UKE1",2014,87
"18511774","TOTAL","T","UKE11",2014,-1270
"18511775","TOTAL","T","UKE12",2014,1039
"18511776","TOTAL","T","UKE13",2014,309
"18511777","TOTAL","T","UKE2",2014,3147
"18511778","TOTAL","T","UKE21",2014,1640
"18511779","TOTAL","T","UKE22",2014,1507
"18511780","TOTAL","T","UKE3",2014,3788
"18511781","TOTAL","T","UKE31",2014,820
"18511782","TOTAL","T","UKE32",2014,2983
"18511783","TOTAL","T","UKE4",2014,-67
"18511784","TOTAL","T","UKE41",2014,-438
"18511785","TOTAL","T","UKE42",2014,-583
"18511786","TOTAL","T","UKE44",2014,972
"18511787","TOTAL","T","UKE45",2014,-11
"18511788","TOTAL","T","UKF1",2014,5643
"18511789","TOTAL","T","UKF11",2014,327
"18511790","TOTAL","T","UKF12",2014,566
"18511791","TOTAL","T","UKF13",2014,1163
"18511792","TOTAL","T","UKF14",2014,1730
"18511793","TOTAL","T","UKF15",2014,1091
"18511794","TOTAL","T","UKF16",2014,771
"18511795","TOTAL","T","UKF2",2014,4478
"18511796","TOTAL","T","UKF21",2014,691
"18511797","TOTAL","T","UKF22",2014,2308
"18511798","TOTAL","T","UKF24",2014,342
"18511799","TOTAL","T","UKF25",2014,1125
"18511800","TOTAL","T","UKF3",2014,3969
"18511801","TOTAL","T","UKF30",2014,3969
"18511802","TOTAL","T","UKG1",2014,2370
"18511803","TOTAL","T","UKG11",2014,823
"18511804","TOTAL","T","UKG12",2014,1000
"18511805","TOTAL","T","UKG13",2014,545
"18511806","TOTAL","T","UKG2",2014,3318
"18511807","TOTAL","T","UKG21",2014,-134
"18511808","TOTAL","T","UKG22",2014,1772
"18511809","TOTAL","T","UKG23",2014,-382
"18511810","TOTAL","T","UKG24",2014,2057
"18511811","TOTAL","T","UKG3",2014,3842
"18511812","TOTAL","T","UKG31",2014,557
"18511813","TOTAL","T","UKG32",2014,174
"18511814","TOTAL","T","UKG33",2014,2174
"18511815","TOTAL","T","UKG36",2014,-255
"18511816","TOTAL","T","UKG37",2014,867
"18511817","TOTAL","T","UKG38",2014,344
"18511818","TOTAL","T","UKG39",2014,-23
"18511819","TOTAL","T","UKH1",2014,11315
"18511820","TOTAL","T","UKH11",2014,772
"18511821","TOTAL","T","UKH12",2014,3176
"18511822","TOTAL","T","UKH13",2014,4791
"18511823","TOTAL","T","UKH14",2014,2599
"18511824","TOTAL","T","UKH2",2014,6473
"18511825","TOTAL","T","UKH21",2014,795
"18511826","TOTAL","T","UKH23",2014,4065
"18511827","TOTAL","T","UKH24",2014,349
"18511828","TOTAL","T","UKH25",2014,1261
"18511829","TOTAL","T","UKH3",2014,5140
"18511830","TOTAL","T","UKH31",2014,1061
"18511831","TOTAL","T","UKH32",2014,102
"18511832","TOTAL","T","UKH33",2014,3988
"18511833","TOTAL","T","UKI1",2014,6102
"18511834","TOTAL","T","UKI11",2014,-6094
"18511835","TOTAL","T","UKI12",2014,12196
"18511836","TOTAL","T","UKI2",2014,16470
"18511837","TOTAL","T","UKI21",2014,8354
"18511838","TOTAL","T","UKI22",2014,1149
"18511839","TOTAL","T","UKI23",2014,6960
"18511840","TOTAL","T","UKJ1",2014,3875
"18511841","TOTAL","T","UKJ11",2014,125
"18511842","TOTAL","T","UKJ12",2014,1534
"18511843","TOTAL","T","UKJ13",2014,933
"18511844","TOTAL","T","UKJ14",2014,1274
"18511845","TOTAL","T","UKJ2",2014,14004
"18511846","TOTAL","T","UKJ21",2014,1931
"18511847","TOTAL","T","UKJ22",2014,3349
"18511848","TOTAL","T","UKJ23",2014,3927
"18511849","TOTAL","T","UKJ24",2014,4804
"18511850","TOTAL","T","UKJ3",2014,6522
"18511851","TOTAL","T","UKJ31",2014,1065
"18511852","TOTAL","T","UKJ32",2014,770
"18511853","TOTAL","T","UKJ33",2014,4385
"18511854","TOTAL","T","UKJ34",2014,289
"18511855","TOTAL","T","UKJ4",2014,9681
"18511856","TOTAL","T","UKJ41",2014,813
"18511857","TOTAL","T","UKJ42",2014,8856
"18511858","TOTAL","T","UKK1",2014,7635
"18511859","TOTAL","T","UKK11",2014,833
"18511860","TOTAL","T","UKK12",2014,2135
"18511861","TOTAL","T","UKK13",2014,1765
"18511862","TOTAL","T","UKK14",2014,1163
"18511863","TOTAL","T","UKK15",2014,1732
"18511864","TOTAL","T","UKK2",2014,7354
"18511865","TOTAL","T","UKK21",2014,3632
"18511866","TOTAL","T","UKK22",2014,1786
"18511867","TOTAL","T","UKK23",2014,1936
"18511868","TOTAL","T","UKK3",2014,3026
"18511869","TOTAL","T","UKK30",2014,3026
"18511870","TOTAL","T","UKK4",2014,4036
"18511871","TOTAL","T","UKK41",2014,227
"18511872","TOTAL","T","UKK42",2014,109
"18511873","TOTAL","T","UKK43",2014,3698
"18511874","TOTAL","T","UKL1",2014,3322
"18511875","TOTAL","T","UKL11",2014,19
"18511876","TOTAL","T","UKL12",2014,412
"18511877","TOTAL","T","UKL13",2014,499
"18511878","TOTAL","T","UKL14",2014,1273
"18511879","TOTAL","T","UKL15",2014,-205
"18511880","TOTAL","T","UKL16",2014,-28
"18511881","TOTAL","T","UKL17",2014,494
"18511882","TOTAL","T","UKL18",2014,871
"18511883","TOTAL","T","UKL2",2014,2521
"18511884","TOTAL","T","UKL21",2014,528
"18511885","TOTAL","T","UKL22",2014,1597
"18511886","TOTAL","T","UKL23",2014,212
"18511887","TOTAL","T","UKL24",2014,187
"18511888","TOTAL","T","UKM2",2014,9023
"18511889","TOTAL","T","UKM21",2014,1043
"18511890","TOTAL","T","UKM22",2014,669
"18511891","TOTAL","T","UKM23",2014,1149
"18511892","TOTAL","T","UKM24",2014,279
"18511893","TOTAL","T","UKM25",2014,3756
"18511894","TOTAL","T","UKM26",2014,400
"18511895","TOTAL","T","UKM27",2014,1518
"18511896","TOTAL","T","UKM28",2014,232
"18511897","TOTAL","T","UKM3",2014,3880
"18511898","TOTAL","T","UKM31",2014,-421
"18511899","TOTAL","T","UKM32",2014,211
"18511900","TOTAL","T","UKM33",2014,83
"18511901","TOTAL","T","UKM34",2014,2858
"18511902","TOTAL","T","UKM35",2014,254
"18511903","TOTAL","T","UKM36",2014,275
"18511904","TOTAL","T","UKM37",2014,333
"18511905","TOTAL","T","UKM38",2014,312
"18511906","TOTAL","T","UKM5",2014,3137
"18511907","TOTAL","T","UKM50",2014,3137
"18511908","TOTAL","T","UKM6",2014,1729
"18511909","TOTAL","T","UKM61",2014,257
"18511910","TOTAL","T","UKM62",2014,1028
"18511911","TOTAL","T","UKM63",2014,42
"18511912","TOTAL","T","UKM64",2014,141
"18511913","TOTAL","T","UKM65",2014,165
"18511914","TOTAL","T","UKM66",2014,83
"18511915","TOTAL","T","UKN0",2014,-897
"18511916","TOTAL","T","UKN01",2014,-526
"18511917","TOTAL","T","UKN02",2014,111
"18511918","TOTAL","T","UKN03",2014,315
"18511919","TOTAL","T","UKN04",2014,-1089
"18511920","TOTAL","T","UKN05",2014,312
